{
  "Total" : {
    "transaction" : "Total",
    "sampleCount" : 1000,
    "errorCount" : 0,
    "errorPct" : 0.0,
    "meanResTime" : 70.36800000000002,
    "medianResTime" : 48.0,
    "minResTime" : 42.0,
    "maxResTime" : 547.0,
    "pct1ResTime" : 134.0,
    "pct2ResTime" : 146.94999999999993,
    "pct3ResTime" : 323.0,
    "throughput" : 96.32055480639569,
    "receivedKBytesPerSec" : 142.5056964578116,
    "sentKBytesPerSec" : 12.886636727027549
  },
  "HTTP Request" : {
    "transaction" : "HTTP Request",
    "sampleCount" : 1000,
    "errorCount" : 0,
    "errorPct" : 0.0,
    "meanResTime" : 70.36800000000002,
    "medianResTime" : 48.0,
    "minResTime" : 42.0,
    "maxResTime" : 547.0,
    "pct1ResTime" : 134.0,
    "pct2ResTime" : 146.94999999999993,
    "pct3ResTime" : 323.0,
    "throughput" : 96.32055480639569,
    "receivedKBytesPerSec" : 142.5056964578116,
    "sentKBytesPerSec" : 12.886636727027549
  }
}